Name,Team,GS,W,L,ERA,IP,K/9,BB/9,H/9,HR/9,WHIP,Opp_BA,FB%
Sean Manaea,New York Mets,18,6,7,4.67,144.7,8.77,2.68,9.02,1.43,1.3,0.261,55.0
DJ Herz,Washington Nationals,1,0,1,9.0,4.0,9.0,4.5,11.25,2.25,1.75,0.294,75.0
Shane Baz,Baltimore Orioles,31,6,15,4.11,179.7,7.71,3.16,8.97,0.75,1.35,0.262,55.3
Elmer Rodríguez,New York Yankees,6,0,3,5.4,26.7,7.09,5.4,8.78,0.67,1.58,0.255,44.6
Peter Lambert,Houston Astros,28,8,10,3.87,153.7,8.96,3.46,7.85,1.0,1.26,0.232,62.1
Seth Johnson,Athletics,0,1,0,6.19,32.0,10.69,5.06,10.12,1.41,1.69,0.277,53.6
Carson Seymour,San Francisco Giants,0,0,2,4.7,30.7,6.46,4.7,9.1,1.76,1.53,0.263,44.8
Nick Martinez,Tampa Bay Rays,30,15,5,2.94,177.3,5.48,1.27,8.32,1.12,1.07,0.244,59.9
Zack Wheeler,Philadelphia Phillies,27,13,5,3.06,156.0,10.85,2.71,6.81,1.15,1.06,0.208,49.8
Brandon Williamson,Cincinnati Reds,8,5,4,4.89,49.7,5.98,4.89,7.79,1.45,1.41,0.238,57.4
Max Scherzer,Toronto Blue Jays,17,3,9,6.14,77.7,7.07,3.94,8.34,1.74,1.36,0.241,67.3
Parker Messick,Cleveland Guardians,31,12,9,2.55,183.3,9.38,2.36,7.02,0.83,1.04,0.212,50.1
Daniel Lynch IV,Kansas City Royals,9,6,6,4.13,80.7,6.02,2.9,7.36,1.0,1.14,0.219,48.9
Jared Jones,Pittsburgh Pirates,20,5,6,3.87,97.7,10.87,2.86,7.19,1.11,1.12,0.213,62.4
River Ryan,Detroit Tigers,1,0,0,0.0,3.0,9.0,3.0,6.0,0.0,1.0,0.182,83.3
Michael Soroka,Arizona Diamondbacks,20,9,5,3.31,111.3,8.89,2.18,7.6,0.73,1.09,0.226,56.0
Randy Vásquez,San Diego Padres,22,10,6,4.01,134.7,5.68,2.47,9.22,1.07,1.3,0.267,56.5
Yusei Kikuchi,Los Angeles Angels,13,1,6,4.88,62.7,8.62,4.16,9.77,1.01,1.55,0.278,52.8
Logan Gilbert,Seattle Mariners,31,12,11,3.81,182.0,9.74,2.37,7.57,1.43,1.1,0.227,56.9
MacKenzie Gore,Texas Rangers,33,8,11,4.59,170.7,9.18,3.69,8.38,1.0,1.34,0.242,54.4
Dean Kremer,Minnesota Twins,16,4,5,4.97,83.3,8.86,3.13,7.67,1.84,1.2,0.231,57.0
Kyle Freeland,Colorado Rockies,25,4,11,6.58,131.3,7.26,1.99,11.65,1.85,1.52,0.306,50.0
Anthony Kay,Chicago White Sox,30,9,9,4.53,153.0,7.35,3.18,9.18,1.24,1.37,0.26,50.2
JR Ritchie,Atlanta Braves,10,1,4,4.79,67.7,8.78,5.45,7.71,1.6,1.46,0.231,49.6
Janson Junk,Miami Marlins,24,6,9,4.31,119.0,6.35,2.42,9.38,1.06,1.31,0.267,52.3
Andre Pallante,St. Louis Cardinals,28,12,8,3.61,157.0,6.08,2.81,8.37,0.63,1.24,0.246,35.9
Jacob Misiorowski,Milwaukee Brewers,29,15,5,1.86,169.3,13.13,2.23,5.0,0.74,0.8,0.159,51.6
